{
  "full_pipeline": {
    "aggregated": {
      "retrieval": {
        "recall@1": {
          "mean": 0.15053763440860216,
          "std": 0.3575976160928149,
          "min": 0.0,
          "max": 1.0
        },
        "recall@5": {
          "mean": 0.20430107526881722,
          "std": 0.4031899625645737,
          "min": 0.0,
          "max": 1.0
        },
        "recall@10": {
          "mean": 0.22580645161290322,
          "std": 0.41811230312308767,
          "min": 0.0,
          "max": 1.0
        },
        "recall@20": {
          "mean": 0.23655913978494625,
          "std": 0.42496930850257003,
          "min": 0.0,
          "max": 1.0
        },
        "recall@50": {
          "mean": 0.27956989247311825,
          "std": 0.44878788719804746,
          "min": 0.0,
          "max": 1.0
        },
        "recall@100": {
          "mean": 0.3655913978494624,
          "std": 0.4815956059474988,
          "min": 0.0,
          "max": 1.0
        },
        "mrr": {
          "mean": 0.1815763567645909,
          "std": 0.360514792839822,
          "min": 0.0,
          "max": 1.0
        },
        "coverage": {
          "mean": 0.25834085428252634,
          "std": 0.21202208047684426,
          "min": 0.0,
          "max": 1.0
        },
        "retrieval_success": {
          "mean": 0.3655913978494624,
          "std": 0.4815956059474988,
          "min": 0.0,
          "max": 1.0
        }
      },
      "reranking": {
        "position_improvement": {
          "mean": 4.634408602150538,
          "std": 16.349532199572934,
          "min": "0",
          "max": "92"
        },
        "rerank_success": {
          "mean": 0.2903225806451613,
          "std": 0.45391120256355777,
          "min": 0.0,
          "max": 1.0
        },
        "reranked_mrr": {
          "mean": 0.26609759164937435,
          "std": 0.4288467849697568,
          "min": 0.0,
          "max": 1.0
        },
        "ndcg@10": {
          "mean": 0.2744469822214293,
          "std": 0.4305484514343016,
          "min": 0.0,
          "max": 1.0000000000000002
        }
      },
      "selection": {
        "exact_match": {
          "mean": 0.03225806451612903,
          "std": 0.17668469596940847,
          "min": 0.0,
          "max": 1.0
        },
        "partial_match": {
          "mean": 0.07526881720430108,
          "std": 0.26382460529860857,
          "min": 0.0,
          "max": 1.0
        },
        "max_overlap": {
          "mean": 0.17994719418968383,
          "std": 0.20942244504293542,
          "min": 0.0,
          "max": 1.0
        },
        "selection_precision": {
          "mean": 0.1552389133088165,
          "std": 0.17702414868702124,
          "min": 0.0,
          "max": 1.0
        },
        "selection_recall": {
          "mean": 0.19700945453458985,
          "std": 0.21782570404626922,
          "min": 0.0,
          "max": 1.0
        },
        "selection_f1": {
          "mean": 0.15734548339363486,
          "std": 0.17737283229491896,
          "min": 0.0,
          "max": 1.0
        }
      },
      "generation": {
        "bleu1": {
          "mean": 0.11528585709560367,
          "std": 0.09588576880136032,
          "min": 0.0,
          "max": 0.5
        },
        "bleu4": {
          "mean": 0.0237986670260687,
          "std": 0.05845329106206357,
          "min": 0.0,
          "max": 0.4324227075463215
        },
        "rouge1": {
          "mean": 0.15845303126496502,
          "std": 0.1174227511974285,
          "min": 0.0,
          "max": 0.5714285665306124
        },
        "rouge2": {
          "mean": 0.036651867241797045,
          "std": 0.07881838351926543,
          "min": 0.0,
          "max": 0.47999999500800006
        },
        "rougeL": {
          "mean": 0.14551067376217072,
          "std": 0.11389519865044087,
          "min": 0.0,
          "max": 0.5714285665306124
        },
        "unigram_f1": {
          "mean": 0.14068746692210704,
          "std": 0.12125661567420165,
          "min": 0.0,
          "max": 0.5599999999999999
        },
        "knowledge_f1": {
          "mean": 0.11080034472031572,
          "std": 0.17066364798174508,
          "min": 0.0,
          "max": 1.0
        },
        "faithfulness": {
          "mean": 0.663916671071037,
          "std": 0.28170908295411906,
          "min": 0.0,
          "max": 1.0
        },
        "hallucination_rate": {
          "mean": 0.19627233551748346,
          "std": 0.20864833785053818,
          "min": 0.0,
          "max": 0.7857142857142857
        },
        "perplexity": {
          "mean": 64.37936076007898,
          "std": 148.76398317055515,
          "min": 2.9675557469522706,
          "max": 1425.62668032722
        }
      },
      "end_to_end": {
        "pipeline_success": {
          "mean": 0.07077129859387925,
          "std": 0.24892037751324644,
          "min": 0.0,
          "max": 1.0
        },
        "combined_score": {
          "mean": 0.15207673049403447,
          "std": 0.17116184666044734,
          "min": 0.0,
          "max": 0.8192820512820513
        }
      }
    },
    "num_samples": 93
  }
}