{
  "full_pipeline": {
    "aggregated": {
      "retrieval": {
        "recall@1": {
          "mean": 0.19387755102040816,
          "std": 0.3953340944451126,
          "min": 0.0,
          "max": 1.0
        },
        "recall@5": {
          "mean": 0.2857142857142857,
          "std": 0.45175395145262565,
          "min": 0.0,
          "max": 1.0
        },
        "recall@10": {
          "mean": 0.2857142857142857,
          "std": 0.45175395145262565,
          "min": 0.0,
          "max": 1.0
        },
        "recall@20": {
          "mean": 0.32653061224489793,
          "std": 0.4689438895133085,
          "min": 0.0,
          "max": 1.0
        },
        "recall@50": {
          "mean": 0.35714285714285715,
          "std": 0.47915742374995485,
          "min": 0.0,
          "max": 1.0
        },
        "recall@100": {
          "mean": 0.41836734693877553,
          "std": 0.49329110062333964,
          "min": 0.0,
          "max": 1.0
        },
        "mrr": {
          "mean": 0.23124417257704885,
          "std": 0.3916725516356729,
          "min": 0.0,
          "max": 1.0
        },
        "coverage": {
          "mean": 0.2291347604140828,
          "std": 0.18482023858551555,
          "min": 0.0,
          "max": 1.0
        },
        "retrieval_success": {
          "mean": 0.41836734693877553,
          "std": 0.49329110062333964,
          "min": 0.0,
          "max": 1.0
        }
      },
      "reranking": {
        "position_improvement": {
          "mean": 2.663265306122449,
          "std": 10.77122383052008,
          "min": "-15",
          "max": "70"
        },
        "rerank_success": {
          "mean": 0.3469387755102041,
          "std": 0.475996073048596,
          "min": 0.0,
          "max": 1.0
        },
        "reranked_mrr": {
          "mean": 0.3055049400712666,
          "std": 0.4404458286309525,
          "min": 0.0,
          "max": 1.0
        },
        "ndcg@10": {
          "mean": 0.3377657902934135,
          "std": 0.464514006066375,
          "min": 0.0,
          "max": 1.0
        }
      },
      "selection": {
        "exact_match": {
          "mean": 0.05102040816326531,
          "std": 0.22003937400865126,
          "min": 0.0,
          "max": 1.0
        },
        "partial_match": {
          "mean": 0.061224489795918366,
          "std": 0.23974163519328023,
          "min": 0.0,
          "max": 1.0
        },
        "max_overlap": {
          "mean": 0.1812791924376479,
          "std": 0.2216664675388301,
          "min": 0.0,
          "max": 1.0
        },
        "selection_precision": {
          "mean": 0.17079958088234745,
          "std": 0.21429585369891574,
          "min": 0.0,
          "max": 1.0
        },
        "selection_recall": {
          "mean": 0.18993409318430637,
          "std": 0.2231643801086362,
          "min": 0.0,
          "max": 1.0
        },
        "selection_f1": {
          "mean": 0.16551154812614866,
          "std": 0.20947220534750705,
          "min": 0.0,
          "max": 1.0
        }
      },
      "generation": {
        "bleu1": {
          "mean": 0.09949749044977187,
          "std": 0.08713023236977395,
          "min": 0.0,
          "max": 0.41504578012830107
        },
        "bleu4": {
          "mean": 0.01365983682349731,
          "std": 0.01445200687504086,
          "min": 0.0,
          "max": 0.10711744441669745
        },
        "rouge1": {
          "mean": 0.14589756481546765,
          "std": 0.10642709811975769,
          "min": 0.0,
          "max": 0.5217391254442345
        },
        "rouge2": {
          "mean": 0.024119345968908842,
          "std": 0.05270123516029401,
          "min": 0.0,
          "max": 0.3809523759637189
        },
        "rougeL": {
          "mean": 0.125507133296185,
          "std": 0.09607650315203445,
          "min": 0.0,
          "max": 0.5217391254442345
        },
        "unigram_f1": {
          "mean": 0.1383819803451248,
          "std": 0.1035916466640614,
          "min": 0.0,
          "max": 0.5
        },
        "knowledge_f1": {
          "mean": 0.10928446750224108,
          "std": 0.12198789549231545,
          "min": 0.0,
          "max": 0.8571428571428571
        },
        "faithfulness": {
          "mean": 0.6784728100080195,
          "std": 0.2955977146478625,
          "min": 0.0,
          "max": 1.0
        },
        "hallucination_rate": {
          "mean": 0.18176470612963358,
          "std": 0.22083370200180846,
          "min": 0.0,
          "max": 1.0
        },
        "perplexity": {
          "mean": 42.05143300561554,
          "std": 44.083144882005726,
          "min": 2.837355083714842,
          "max": 334.2018550214403
        }
      },
      "end_to_end": {
        "pipeline_success": {
          "mean": 0.04336734693877551,
          "std": 0.19241188748094976,
          "min": 0.0,
          "max": 1.0
        },
        "combined_score": {
          "mean": 0.16454510112229667,
          "std": 0.14094582248051785,
          "min": 0.0,
          "max": 0.8071428571428572
        }
      }
    },
    "num_samples": 98
  }
}