{
  "full_pipeline": {
    "aggregated": {
      "retrieval": {
        "recall@1": {
          "mean": 0.19387755102040816,
          "std": 0.3953340944451126,
          "min": 0.0,
          "max": 1.0
        },
        "recall@5": {
          "mean": 0.2857142857142857,
          "std": 0.45175395145262565,
          "min": 0.0,
          "max": 1.0
        },
        "recall@10": {
          "mean": 0.2857142857142857,
          "std": 0.45175395145262565,
          "min": 0.0,
          "max": 1.0
        },
        "recall@20": {
          "mean": 0.32653061224489793,
          "std": 0.4689438895133085,
          "min": 0.0,
          "max": 1.0
        },
        "recall@50": {
          "mean": 0.35714285714285715,
          "std": 0.47915742374995485,
          "min": 0.0,
          "max": 1.0
        },
        "recall@100": {
          "mean": 0.41836734693877553,
          "std": 0.49329110062333964,
          "min": 0.0,
          "max": 1.0
        },
        "mrr": {
          "mean": 0.23124417257704885,
          "std": 0.3916725516356729,
          "min": 0.0,
          "max": 1.0
        },
        "coverage": {
          "mean": 0.2291347604140828,
          "std": 0.18482023858551555,
          "min": 0.0,
          "max": 1.0
        },
        "retrieval_success": {
          "mean": 0.41836734693877553,
          "std": 0.49329110062333964,
          "min": 0.0,
          "max": 1.0
        }
      },
      "reranking": {
        "position_improvement": {
          "mean": 2.663265306122449,
          "std": 10.77122383052008,
          "min": "-15",
          "max": "70"
        },
        "rerank_success": {
          "mean": 0.3469387755102041,
          "std": 0.475996073048596,
          "min": 0.0,
          "max": 1.0
        },
        "reranked_mrr": {
          "mean": 0.3055049400712666,
          "std": 0.4404458286309525,
          "min": 0.0,
          "max": 1.0
        },
        "ndcg@10": {
          "mean": 0.3377657902934135,
          "std": 0.464514006066375,
          "min": 0.0,
          "max": 1.0
        }
      },
      "selection": {
        "exact_match": {
          "mean": 0.05102040816326531,
          "std": 0.22003937400865126,
          "min": 0.0,
          "max": 1.0
        },
        "partial_match": {
          "mean": 0.061224489795918366,
          "std": 0.23974163519328023,
          "min": 0.0,
          "max": 1.0
        },
        "max_overlap": {
          "mean": 0.1885790820904787,
          "std": 0.21887034224530258,
          "min": 0.0,
          "max": 1.0
        },
        "selection_precision": {
          "mean": 0.17031827887948836,
          "std": 0.2136458316032953,
          "min": 0.0,
          "max": 1.0
        },
        "selection_recall": {
          "mean": 0.20429941973450688,
          "std": 0.22052335125865344,
          "min": 0.0,
          "max": 1.0
        },
        "selection_f1": {
          "mean": 0.16983263129181894,
          "std": 0.2077889669424716,
          "min": 0.0,
          "max": 1.0
        }
      },
      "generation": {
        "bleu1": {
          "mean": 0.10936192024155231,
          "std": 0.08474159673608722,
          "min": 0.0,
          "max": 0.41504578012830107
        },
        "bleu4": {
          "mean": 0.016514737302605647,
          "std": 0.019823776669324947,
          "min": 0.0,
          "max": 0.12286996020967837
        },
        "rouge1": {
          "mean": 0.15719544503161795,
          "std": 0.10413302777629696,
          "min": 0.0,
          "max": 0.47619047120181407
        },
        "rouge2": {
          "mean": 0.0277250026715936,
          "std": 0.05027199685866274,
          "min": 0.0,
          "max": 0.24999999507812506
        },
        "rougeL": {
          "mean": 0.13848014802155237,
          "std": 0.09366676445198087,
          "min": 0.0,
          "max": 0.47619047120181407
        },
        "unigram_f1": {
          "mean": 0.1405663702986298,
          "std": 0.1033646170919846,
          "min": 0.0,
          "max": 0.4000000000000001
        },
        "knowledge_f1": {
          "mean": 0.10602725519612091,
          "std": 0.12838848190796198,
          "min": 0.0,
          "max": 0.6842105263157895
        },
        "faithfulness": {
          "mean": 0.6940782129365513,
          "std": 0.29599648547917,
          "min": 0.0,
          "max": 1.0
        },
        "hallucination_rate": {
          "mean": 0.15070294273750257,
          "std": 0.2184488139844862,
          "min": 0.0,
          "max": 1.0
        },
        "perplexity": {
          "mean": 43.38544242144008,
          "std": 43.137378917942776,
          "min": 3.1834466689501175,
          "max": 292.6588306933893
        }
      },
      "end_to_end": {
        "pipeline_success": {
          "mean": 0.050713518490102805,
          "std": 0.20941449776170754,
          "min": 0.0,
          "max": 1.0
        },
        "combined_score": {
          "mean": 0.16508747104964613,
          "std": 0.1444075648454678,
          "min": 0.007272727272727273,
          "max": 0.72
        }
      }
    },
    "num_samples": 98
  }
}