{
  "full_pipeline": {
    "aggregated": {
      "retrieval": {
        "recall@1": {
          "mean": 0.15053763440860216,
          "std": 0.3575976160928149,
          "min": 0.0,
          "max": 1.0
        },
        "recall@5": {
          "mean": 0.20430107526881722,
          "std": 0.4031899625645737,
          "min": 0.0,
          "max": 1.0
        },
        "recall@10": {
          "mean": 0.22580645161290322,
          "std": 0.41811230312308767,
          "min": 0.0,
          "max": 1.0
        },
        "recall@20": {
          "mean": 0.23655913978494625,
          "std": 0.42496930850257003,
          "min": 0.0,
          "max": 1.0
        },
        "recall@50": {
          "mean": 0.27956989247311825,
          "std": 0.44878788719804746,
          "min": 0.0,
          "max": 1.0
        },
        "recall@100": {
          "mean": 0.3655913978494624,
          "std": 0.4815956059474988,
          "min": 0.0,
          "max": 1.0
        },
        "mrr": {
          "mean": 0.1815763567645909,
          "std": 0.360514792839822,
          "min": 0.0,
          "max": 1.0
        },
        "coverage": {
          "mean": 0.25834085428252634,
          "std": 0.21202208047684426,
          "min": 0.0,
          "max": 1.0
        },
        "retrieval_success": {
          "mean": 0.3655913978494624,
          "std": 0.4815956059474988,
          "min": 0.0,
          "max": 1.0
        }
      },
      "reranking": {
        "position_improvement": {
          "mean": 4.634408602150538,
          "std": 16.349532199572934,
          "min": "0",
          "max": "92"
        },
        "rerank_success": {
          "mean": 0.2903225806451613,
          "std": 0.45391120256355777,
          "min": 0.0,
          "max": 1.0
        },
        "reranked_mrr": {
          "mean": 0.26609759164937435,
          "std": 0.4288467849697568,
          "min": 0.0,
          "max": 1.0
        },
        "ndcg@10": {
          "mean": 0.2744469822214293,
          "std": 0.4305484514343016,
          "min": 0.0,
          "max": 1.0000000000000002
        }
      },
      "selection": {
        "exact_match": {
          "mean": 0.043010752688172046,
          "std": 0.20288131466788398,
          "min": 0.0,
          "max": 1.0
        },
        "partial_match": {
          "mean": 0.08602150537634409,
          "std": 0.28039580237430745,
          "min": 0.0,
          "max": 1.0
        },
        "max_overlap": {
          "mean": 0.19692977984676283,
          "std": 0.22286644621975762,
          "min": 0.0,
          "max": 1.0
        },
        "selection_precision": {
          "mean": 0.1475802129241207,
          "std": 0.17829193765032353,
          "min": 0.0,
          "max": 1.0
        },
        "selection_recall": {
          "mean": 0.21978790319411018,
          "std": 0.23134618781443853,
          "min": 0.0,
          "max": 1.0
        },
        "selection_f1": {
          "mean": 0.15995832587359896,
          "std": 0.18235357624478532,
          "min": 0.0,
          "max": 1.0
        }
      },
      "generation": {
        "bleu1": {
          "mean": 0.11905261194568792,
          "std": 0.09987301435926957,
          "min": 0.0,
          "max": 0.5384615384615384
        },
        "bleu4": {
          "mean": 0.02283116569057142,
          "std": 0.06104487521233603,
          "min": 0.0,
          "max": 0.4703709593866897
        },
        "rouge1": {
          "mean": 0.1579598570788303,
          "std": 0.11211234398000106,
          "min": 0.0,
          "max": 0.5714285665306124
        },
        "rouge2": {
          "mean": 0.02883921998298771,
          "std": 0.07750369059579042,
          "min": 0.0,
          "max": 0.4999999950000001
        },
        "rougeL": {
          "mean": 0.14123870716787573,
          "std": 0.10447881130715916,
          "min": 0.0,
          "max": 0.5714285665306124
        },
        "unigram_f1": {
          "mean": 0.1478697768941755,
          "std": 0.12210048396356578,
          "min": 0.0,
          "max": 0.5833333333333334
        },
        "knowledge_f1": {
          "mean": 0.11754719638249332,
          "std": 0.16326943036803168,
          "min": 0.0,
          "max": 1.0
        },
        "faithfulness": {
          "mean": 0.6997982916605374,
          "std": 0.25845966216110056,
          "min": 0.07692307692307693,
          "max": 1.0
        },
        "hallucination_rate": {
          "mean": 0.17336056754812373,
          "std": 0.19592340867695288,
          "min": 0.0,
          "max": 0.8
        },
        "perplexity": {
          "mean": 55.94408905552267,
          "std": 87.85961750016277,
          "min": 3.5954020261546553,
          "max": 732.9729814258192
        }
      },
      "end_to_end": {
        "pipeline_success": {
          "mean": 0.08068902423741134,
          "std": 0.26428882882547605,
          "min": 0.0,
          "max": 1.0
        },
        "combined_score": {
          "mean": 0.15677804748030108,
          "std": 0.1661217261747291,
          "min": 0.0,
          "max": 0.8134615384615385
        }
      }
    },
    "num_samples": 93
  }
}