{
  "full_pipeline": {
    "aggregated": {
      "retrieval": {
        "recall@1": {
          "mean": 0.19072164948453607,
          "std": 0.3928700827276542,
          "min": 0.0,
          "max": 1.0
        },
        "recall@5": {
          "mean": 0.24742268041237114,
          "std": 0.43151442343208973,
          "min": 0.0,
          "max": 1.0
        },
        "recall@10": {
          "mean": 0.26804123711340205,
          "std": 0.44293919709156365,
          "min": 0.0,
          "max": 1.0
        },
        "recall@20": {
          "mean": 0.30412371134020616,
          "std": 0.4600353024941294,
          "min": 0.0,
          "max": 1.0
        },
        "recall@50": {
          "mean": 0.34536082474226804,
          "std": 0.4754857784157256,
          "min": 0.0,
          "max": 1.0
        },
        "recall@100": {
          "mean": 0.4020618556701031,
          "std": 0.49031430724099445,
          "min": 0.0,
          "max": 1.0
        },
        "mrr": {
          "mean": 0.218228226175542,
          "std": 0.3894718225316538,
          "min": 0.0,
          "max": 1.0
        },
        "coverage": {
          "mean": 0.22292927349008065,
          "std": 0.17858201059498266,
          "min": 0.0,
          "max": 1.0
        },
        "retrieval_success": {
          "mean": 0.4020618556701031,
          "std": 0.49031430724099445,
          "min": 0.0,
          "max": 1.0
        }
      },
      "reranking": {
        "position_improvement": {
          "mean": 3.4381443298969074,
          "std": 11.847344678784852,
          "min": "-15",
          "max": "71"
        },
        "rerank_success": {
          "mean": 0.3402061855670103,
          "std": 0.47377836260107453,
          "min": 0.0,
          "max": 1.0
        },
        "reranked_mrr": {
          "mean": 0.3082791278023237,
          "std": 0.4448209418512025,
          "min": 0.0,
          "max": 1.0
        },
        "ndcg@10": {
          "mean": 0.33319209745917167,
          "std": 0.45923536323920167,
          "min": 0.0,
          "max": 1.0
        }
      },
      "selection": {
        "exact_match": {
          "mean": 0.05154639175257732,
          "std": 0.22110938752089912,
          "min": 0.0,
          "max": 1.0
        },
        "partial_match": {
          "mean": 0.061855670103092786,
          "std": 0.24089322568140048,
          "min": 0.0,
          "max": 1.0
        },
        "max_overlap": {
          "mean": 0.1871987061375811,
          "std": 0.21994891458361077,
          "min": 0.0,
          "max": 1.0
        },
        "selection_precision": {
          "mean": 0.17726807336347347,
          "std": 0.2256592196690343,
          "min": 0.0,
          "max": 1.0
        },
        "selection_recall": {
          "mean": 0.1994527781872024,
          "std": 0.22060766529653233,
          "min": 0.0,
          "max": 1.0
        },
        "selection_f1": {
          "mean": 0.17223910671106465,
          "std": 0.21591974681502699,
          "min": 0.0,
          "max": 1.0
        }
      },
      "generation": {
        "bleu1": {
          "mean": 0.11058259194997257,
          "std": 0.09446773079366617,
          "min": 0.0,
          "max": 0.47768754038252614
        },
        "bleu4": {
          "mean": 0.017712069821141305,
          "std": 0.02336698585110382,
          "min": 0.0,
          "max": 0.17034799410713272
        },
        "rouge1": {
          "mean": 0.15740372369913644,
          "std": 0.1187716976988095,
          "min": 0.0,
          "max": 0.5714285665306124
        },
        "rouge2": {
          "mean": 0.03101217886697777,
          "std": 0.06619233819822905,
          "min": 0.0,
          "max": 0.4117647017301038
        },
        "rougeL": {
          "mean": 0.1407073929177544,
          "std": 0.10300971151688787,
          "min": 0.0,
          "max": 0.4827586164090369
        },
        "unigram_f1": {
          "mean": 0.14437168179351612,
          "std": 0.11688029274177975,
          "min": 0.0,
          "max": 0.5714285714285715
        },
        "knowledge_f1": {
          "mean": 0.12112627669931952,
          "std": 0.155065856598739,
          "min": 0.0,
          "max": 0.9433962264150944
        },
        "faithfulness": {
          "mean": 0.6979543707624921,
          "std": 0.29188784654760697,
          "min": 0.0,
          "max": 1.0
        },
        "hallucination_rate": {
          "mean": 0.1506952165195841,
          "std": 0.20714643576833558,
          "min": 0.0,
          "max": 1.0
        },
        "perplexity": {
          "mean": 43.572651601748454,
          "std": 40.33885277841167,
          "min": 3.183479305809166,
          "max": 292.6662269689226
        }
      },
      "end_to_end": {
        "pipeline_success": {
          "mean": 0.04995952079511493,
          "std": 0.20980738479533265,
          "min": 0.0,
          "max": 1.0
        },
        "combined_score": {
          "mean": 0.16770545631274406,
          "std": 0.1583058030349674,
          "min": 0.0,
          "max": 0.7896855345911951
        }
      }
    },
    "num_samples": 194
  }
}