{
  "full_pipeline": {
    "aggregated": {
      "retrieval": {
        "recall@1": {
          "mean": 0.14736842105263157,
          "std": 0.35447280506279444,
          "min": 0.0,
          "max": 1.0
        },
        "recall@5": {
          "mean": 0.21052631578947367,
          "std": 0.40768245749551757,
          "min": 0.0,
          "max": 1.0
        },
        "recall@10": {
          "mean": 0.22105263157894736,
          "std": 0.4149558598826742,
          "min": 0.0,
          "max": 1.0
        },
        "recall@20": {
          "mean": 0.23684210526315788,
          "std": 0.4251445900369346,
          "min": 0.0,
          "max": 1.0
        },
        "recall@50": {
          "mean": 0.2894736842105263,
          "std": 0.45351810367405493,
          "min": 0.0,
          "max": 1.0
        },
        "recall@100": {
          "mean": 0.34210526315789475,
          "std": 0.47441464150841967,
          "min": 0.0,
          "max": 1.0
        },
        "mrr": {
          "mean": 0.17852640104143805,
          "std": 0.35697654534703205,
          "min": 0.0,
          "max": 1.0
        },
        "coverage": {
          "mean": 0.263057889274746,
          "std": 0.2049784509822115,
          "min": 0.0,
          "max": 1.0
        },
        "retrieval_success": {
          "mean": 0.34210526315789475,
          "std": 0.47441464150841967,
          "min": 0.0,
          "max": 1.0
        }
      },
      "reranking": {
        "position_improvement": {
          "mean": 2.836842105263158,
          "std": 12.066469876929984,
          "min": "0",
          "max": "92"
        },
        "rerank_success": {
          "mean": 0.26842105263157895,
          "std": 0.44313789178508994,
          "min": 0.0,
          "max": 1.0
        },
        "reranked_mrr": {
          "mean": 0.24864271424174472,
          "std": 0.42006373556132276,
          "min": 0.0,
          "max": 1.0
        },
        "ndcg@10": {
          "mean": 0.2560143054413239,
          "std": 0.4223339368924103,
          "min": 0.0,
          "max": 1.0000000000000002
        }
      },
      "selection": {
        "exact_match": {
          "mean": 0.04736842105263158,
          "std": 0.21242564284853221,
          "min": 0.0,
          "max": 1.0
        },
        "partial_match": {
          "mean": 0.08947368421052632,
          "std": 0.28542624974644737,
          "min": 0.0,
          "max": 1.0
        },
        "max_overlap": {
          "mean": 0.20387279601379804,
          "std": 0.22582761228368858,
          "min": 0.0,
          "max": 1.0
        },
        "selection_precision": {
          "mean": 0.1412559482505573,
          "std": 0.17112040220639238,
          "min": 0.0,
          "max": 1.0
        },
        "selection_recall": {
          "mean": 0.2258907514959538,
          "std": 0.2301679930316104,
          "min": 0.0,
          "max": 1.0
        },
        "selection_f1": {
          "mean": 0.1581800719870641,
          "std": 0.17839473795357266,
          "min": 0.0,
          "max": 1.0
        }
      },
      "generation": {
        "bleu1": {
          "mean": 0.10624022525949593,
          "std": 0.0992111683444203,
          "min": 0.0,
          "max": 0.6818181818181818
        },
        "bleu4": {
          "mean": 0.021760263271503242,
          "std": 0.06363280177723016,
          "min": 0.0,
          "max": 0.6187934993051338
        },
        "rouge1": {
          "mean": 0.14929644258570862,
          "std": 0.12003909911790825,
          "min": 0.0,
          "max": 0.7647058774221455
        },
        "rouge2": {
          "mean": 0.028515301205258383,
          "std": 0.08489753475076839,
          "min": 0.0,
          "max": 0.6999999950125001
        },
        "rougeL": {
          "mean": 0.13453480349500382,
          "std": 0.11460262597597579,
          "min": 0.0,
          "max": 0.7647058774221455
        },
        "unigram_f1": {
          "mean": 0.14063191915301881,
          "std": 0.12373953557732688,
          "min": 0.0,
          "max": 0.6857142857142857
        },
        "knowledge_f1": {
          "mean": 0.11276969197410963,
          "std": 0.1613384166899945,
          "min": 0.0,
          "max": 1.0
        },
        "faithfulness": {
          "mean": 0.6811903378446216,
          "std": 0.27735809601866723,
          "min": 0.0,
          "max": 1.0
        },
        "hallucination_rate": {
          "mean": 0.17713353332782286,
          "std": 0.20341767233049687,
          "min": 0.0,
          "max": 0.8571428571428571
        },
        "perplexity": {
          "mean": 52.46485701807975,
          "std": 76.43668929346019,
          "min": 1.5945669209107969,
          "max": 733.0334489342088
        }
      },
      "end_to_end": {
        "pipeline_success": {
          "mean": 0.0807113523595518,
          "std": 0.2607637911641383,
          "min": 0.0,
          "max": 1.0
        },
        "combined_score": {
          "mean": 0.15186702405134084,
          "std": 0.1643741637206461,
          "min": 0.0,
          "max": 0.8134615384615385
        }
      }
    },
    "num_samples": 190
  }
}