{
  "full_pipeline": {
    "aggregated": {
      "retrieval": {
        "recall@1": {
          "mean": 0.15053763440860216,
          "std": 0.3575976160928149,
          "min": 0.0,
          "max": 1.0
        },
        "recall@5": {
          "mean": 0.20430107526881722,
          "std": 0.4031899625645737,
          "min": 0.0,
          "max": 1.0
        },
        "recall@10": {
          "mean": 0.22580645161290322,
          "std": 0.41811230312308767,
          "min": 0.0,
          "max": 1.0
        },
        "recall@20": {
          "mean": 0.23655913978494625,
          "std": 0.42496930850257003,
          "min": 0.0,
          "max": 1.0
        },
        "recall@50": {
          "mean": 0.27956989247311825,
          "std": 0.44878788719804746,
          "min": 0.0,
          "max": 1.0
        },
        "recall@100": {
          "mean": 0.3655913978494624,
          "std": 0.4815956059474988,
          "min": 0.0,
          "max": 1.0
        },
        "mrr": {
          "mean": 0.1815763567645909,
          "std": 0.360514792839822,
          "min": 0.0,
          "max": 1.0
        },
        "coverage": {
          "mean": 0.25834085428252634,
          "std": 0.21202208047684426,
          "min": 0.0,
          "max": 1.0
        },
        "retrieval_success": {
          "mean": 0.3655913978494624,
          "std": 0.4815956059474988,
          "min": 0.0,
          "max": 1.0
        }
      },
      "reranking": {
        "position_improvement": {
          "mean": 4.451612903225806,
          "std": 16.30523112116698,
          "min": "0",
          "max": "92"
        },
        "rerank_success": {
          "mean": 0.2903225806451613,
          "std": 0.45391120256355777,
          "min": 0.0,
          "max": 1.0
        },
        "reranked_mrr": {
          "mean": 0.265531660692951,
          "std": 0.4291627250709523,
          "min": 0.0,
          "max": 1.0
        },
        "ndcg@10": {
          "mean": 0.2744469822214293,
          "std": 0.4305484514343016,
          "min": 0.0,
          "max": 1.0000000000000002
        }
      },
      "selection": {
        "exact_match": {
          "mean": 0.03225806451612903,
          "std": 0.17668469596940847,
          "min": 0.0,
          "max": 1.0
        },
        "partial_match": {
          "mean": 0.07526881720430108,
          "std": 0.26382460529860857,
          "min": 0.0,
          "max": 1.0
        },
        "max_overlap": {
          "mean": 0.17994719418968383,
          "std": 0.20942244504293542,
          "min": 0.0,
          "max": 1.0
        },
        "selection_precision": {
          "mean": 0.1552389133088165,
          "std": 0.17702414868702124,
          "min": 0.0,
          "max": 1.0
        },
        "selection_recall": {
          "mean": 0.19700945453458985,
          "std": 0.21782570404626922,
          "min": 0.0,
          "max": 1.0
        },
        "selection_f1": {
          "mean": 0.15734548339363486,
          "std": 0.17737283229491896,
          "min": 0.0,
          "max": 1.0
        }
      },
      "generation": {
        "bleu1": {
          "mean": 0.12340722387867505,
          "std": 0.1044545636066868,
          "min": 0.0,
          "max": 0.46153846153846156
        },
        "bleu4": {
          "mean": 0.02504596271945516,
          "std": 0.053041409027900575,
          "min": 0.0,
          "max": 0.3805803001674946
        },
        "rouge1": {
          "mean": 0.16318700775222067,
          "std": 0.12311400585345528,
          "min": 0.0,
          "max": 0.5714285665306124
        },
        "rouge2": {
          "mean": 0.035894984476101746,
          "std": 0.0801545932151813,
          "min": 0.0,
          "max": 0.47619047129251707
        },
        "rougeL": {
          "mean": 0.15012942777768812,
          "std": 0.11694069844685345,
          "min": 0.0,
          "max": 0.5714285665306124
        },
        "unigram_f1": {
          "mean": 0.14799379677408744,
          "std": 0.12362187085113881,
          "min": 0.0,
          "max": 0.5263157894736842
        },
        "knowledge_f1": {
          "mean": 0.10960975266565448,
          "std": 0.15422071611510346,
          "min": 0.0,
          "max": 0.9473684210526316
        },
        "faithfulness": {
          "mean": 0.6013325016466765,
          "std": 0.299385550908826,
          "min": 0.0,
          "max": 1.0
        },
        "hallucination_rate": {
          "mean": 0.2431174104619459,
          "std": 0.2300264451869038,
          "min": 0.0,
          "max": 0.8
        },
        "perplexity": {
          "mean": 59.110644811433374,
          "std": 92.83260906340612,
          "min": 3.7057158129231396,
          "max": 791.0659411531678
        }
      },
      "end_to_end": {
        "pipeline_success": {
          "mean": 0.06728110599078341,
          "std": 0.24260473596287063,
          "min": 0.0,
          "max": 1.0
        },
        "combined_score": {
          "mean": 0.15391145183323018,
          "std": 0.16227196472808306,
          "min": 0.0,
          "max": 0.7984962406015038
        }
      }
    },
    "num_samples": 93
  }
}