{
  "full_pipeline": {
    "aggregated": {
      "retrieval": {
        "recall@1": {
          "mean": 0.19387755102040816,
          "std": 0.3953340944451126,
          "min": 0.0,
          "max": 1.0
        },
        "recall@5": {
          "mean": 0.2857142857142857,
          "std": 0.45175395145262565,
          "min": 0.0,
          "max": 1.0
        },
        "recall@10": {
          "mean": 0.2857142857142857,
          "std": 0.45175395145262565,
          "min": 0.0,
          "max": 1.0
        },
        "recall@20": {
          "mean": 0.32653061224489793,
          "std": 0.4689438895133085,
          "min": 0.0,
          "max": 1.0
        },
        "recall@50": {
          "mean": 0.35714285714285715,
          "std": 0.47915742374995485,
          "min": 0.0,
          "max": 1.0
        },
        "recall@100": {
          "mean": 0.41836734693877553,
          "std": 0.49329110062333964,
          "min": 0.0,
          "max": 1.0
        },
        "mrr": {
          "mean": 0.23124417257704885,
          "std": 0.3916725516356729,
          "min": 0.0,
          "max": 1.0
        },
        "coverage": {
          "mean": 0.2291347604140828,
          "std": 0.18482023858551555,
          "min": 0.0,
          "max": 1.0
        },
        "retrieval_success": {
          "mean": 0.41836734693877553,
          "std": 0.49329110062333964,
          "min": 0.0,
          "max": 1.0
        }
      },
      "reranking": {
        "position_improvement": {
          "mean": 2.306122448979592,
          "std": 9.48619637680414,
          "min": "-1",
          "max": "70"
        },
        "rerank_success": {
          "mean": 0.3469387755102041,
          "std": 0.475996073048596,
          "min": 0.0,
          "max": 1.0
        },
        "reranked_mrr": {
          "mean": 0.3035714285714286,
          "std": 0.4416409952749891,
          "min": 0.0,
          "max": 1.0
        },
        "ndcg@10": {
          "mean": 0.3377657902934135,
          "std": 0.464514006066375,
          "min": 0.0,
          "max": 1.0
        }
      },
      "selection": {
        "exact_match": {
          "mean": 0.05102040816326531,
          "std": 0.22003937400865126,
          "min": 0.0,
          "max": 1.0
        },
        "partial_match": {
          "mean": 0.061224489795918366,
          "std": 0.23974163519328023,
          "min": 0.0,
          "max": 1.0
        },
        "max_overlap": {
          "mean": 0.1812791924376479,
          "std": 0.2216664675388301,
          "min": 0.0,
          "max": 1.0
        },
        "selection_precision": {
          "mean": 0.17079958088234745,
          "std": 0.21429585369891574,
          "min": 0.0,
          "max": 1.0
        },
        "selection_recall": {
          "mean": 0.18993409318430637,
          "std": 0.2231643801086362,
          "min": 0.0,
          "max": 1.0
        },
        "selection_f1": {
          "mean": 0.16551154812614866,
          "std": 0.20947220534750705,
          "min": 0.0,
          "max": 1.0
        }
      },
      "generation": {
        "bleu1": {
          "mean": 0.11114402122360857,
          "std": 0.08382588488835575,
          "min": 0.0,
          "max": 0.4444444444444444
        },
        "bleu4": {
          "mean": 0.015515753521130032,
          "std": 0.014211826121641275,
          "min": 0.0,
          "max": 0.09534306904495861
        },
        "rouge1": {
          "mean": 0.16380407197941055,
          "std": 0.10871828231235615,
          "min": 0.0,
          "max": 0.5714285666581633
        },
        "rouge2": {
          "mean": 0.03047175799005825,
          "std": 0.053277842501091945,
          "min": 0.0,
          "max": 0.2222222174691359
        },
        "rougeL": {
          "mean": 0.14296125349736316,
          "std": 0.09955299785301885,
          "min": 0.0,
          "max": 0.5714285666581633
        },
        "unigram_f1": {
          "mean": 0.15339938962407682,
          "std": 0.10862962309775578,
          "min": 0.0,
          "max": 0.5384615384615384
        },
        "knowledge_f1": {
          "mean": 0.11887638642002761,
          "std": 0.14362374506019798,
          "min": 0.0,
          "max": 0.888888888888889
        },
        "faithfulness": {
          "mean": 0.6652802554149935,
          "std": 0.2991064600391446,
          "min": 0.0,
          "max": 1.0
        },
        "hallucination_rate": {
          "mean": 0.1584419310690082,
          "std": 0.19543284694253174,
          "min": 0.0,
          "max": 0.75
        },
        "perplexity": {
          "mean": 41.24326162430396,
          "std": 38.86854624012773,
          "min": 3.219275815204994,
          "max": 229.21828057430048
        }
      },
      "end_to_end": {
        "pipeline_success": {
          "mean": 0.049854227405247815,
          "std": 0.20084416699705177,
          "min": 0.0,
          "max": 1.0
        },
        "combined_score": {
          "mean": 0.17192789958131824,
          "std": 0.15285413124410513,
          "min": 0.0,
          "max": 0.8282051282051281
        }
      }
    },
    "num_samples": 98
  }
}