{
  "full_pipeline": {
    "aggregated": {
      "retrieval": {
        "recall@1": {
          "mean": 0.19387755102040816,
          "std": 0.3953340944451126,
          "min": 0.0,
          "max": 1.0
        },
        "recall@5": {
          "mean": 0.2857142857142857,
          "std": 0.45175395145262565,
          "min": 0.0,
          "max": 1.0
        },
        "recall@10": {
          "mean": 0.2857142857142857,
          "std": 0.45175395145262565,
          "min": 0.0,
          "max": 1.0
        },
        "recall@20": {
          "mean": 0.32653061224489793,
          "std": 0.4689438895133085,
          "min": 0.0,
          "max": 1.0
        },
        "recall@50": {
          "mean": 0.35714285714285715,
          "std": 0.47915742374995485,
          "min": 0.0,
          "max": 1.0
        },
        "recall@100": {
          "mean": 0.41836734693877553,
          "std": 0.49329110062333964,
          "min": 0.0,
          "max": 1.0
        },
        "mrr": {
          "mean": 0.23124417257704885,
          "std": 0.3916725516356729,
          "min": 0.0,
          "max": 1.0
        },
        "coverage": {
          "mean": 0.2291347604140828,
          "std": 0.18482023858551555,
          "min": 0.0,
          "max": 1.0
        },
        "retrieval_success": {
          "mean": 0.41836734693877553,
          "std": 0.49329110062333964,
          "min": 0.0,
          "max": 1.0
        }
      },
      "reranking": {
        "position_improvement": {
          "mean": 2.306122448979592,
          "std": 9.48619637680414,
          "min": "-1",
          "max": "70"
        },
        "rerank_success": {
          "mean": 0.3469387755102041,
          "std": 0.475996073048596,
          "min": 0.0,
          "max": 1.0
        },
        "reranked_mrr": {
          "mean": 0.3035714285714286,
          "std": 0.4416409952749891,
          "min": 0.0,
          "max": 1.0
        },
        "ndcg@10": {
          "mean": 0.3377657902934135,
          "std": 0.464514006066375,
          "min": 0.0,
          "max": 1.0
        }
      },
      "selection": {
        "exact_match": {
          "mean": 0.05102040816326531,
          "std": 0.22003937400865126,
          "min": 0.0,
          "max": 1.0
        },
        "partial_match": {
          "mean": 0.061224489795918366,
          "std": 0.23974163519328023,
          "min": 0.0,
          "max": 1.0
        },
        "max_overlap": {
          "mean": 0.1885790820904787,
          "std": 0.21887034224530258,
          "min": 0.0,
          "max": 1.0
        },
        "selection_precision": {
          "mean": 0.17031827887948836,
          "std": 0.2136458316032953,
          "min": 0.0,
          "max": 1.0
        },
        "selection_recall": {
          "mean": 0.20429941973450688,
          "std": 0.22052335125865344,
          "min": 0.0,
          "max": 1.0
        },
        "selection_f1": {
          "mean": 0.16983263129181894,
          "std": 0.2077889669424716,
          "min": 0.0,
          "max": 1.0
        }
      },
      "generation": {
        "bleu1": {
          "mean": 0.1060097857079294,
          "std": 0.07838757065173012,
          "min": 0.0,
          "max": 0.4
        },
        "bleu4": {
          "mean": 0.015694194032029447,
          "std": 0.016141762072836435,
          "min": 0.0,
          "max": 0.10706237461457326
        },
        "rouge1": {
          "mean": 0.15252860661738407,
          "std": 0.09622828255959595,
          "min": 0.0,
          "max": 0.47999999500800006
        },
        "rouge2": {
          "mean": 0.025438723205749112,
          "std": 0.05468590729029406,
          "min": 0.0,
          "max": 0.3333333283680556
        },
        "rougeL": {
          "mean": 0.14224017516460377,
          "std": 0.0919096353001066,
          "min": 0.0,
          "max": 0.47999999500800006
        },
        "unigram_f1": {
          "mean": 0.14227198104450448,
          "std": 0.09198925165867004,
          "min": 0.0,
          "max": 0.43478260869565216
        },
        "knowledge_f1": {
          "mean": 0.11489203645539298,
          "std": 0.14860526415781902,
          "min": 0.0,
          "max": 1.0
        },
        "faithfulness": {
          "mean": 0.6814421146356507,
          "std": 0.284492418455431,
          "min": 0.0,
          "max": 1.0
        },
        "hallucination_rate": {
          "mean": 0.16851647424617994,
          "std": 0.23009313879041393,
          "min": 0.0,
          "max": 1.0
        },
        "perplexity": {
          "mean": 41.41377183557936,
          "std": 35.83663669777692,
          "min": 3.297407563231604,
          "max": 188.69102220752228
        }
      },
      "end_to_end": {
        "pipeline_success": {
          "mean": 0.04897959183673469,
          "std": 0.20041151437407717,
          "min": 0.0,
          "max": 1.0
        },
        "combined_score": {
          "mean": 0.16825858865119014,
          "std": 0.14793334177992154,
          "min": 0.004705882352941177,
          "max": 0.8304347826086957
        }
      }
    },
    "num_samples": 98
  }
}