{
  "full_pipeline": {
    "aggregated": {
      "retrieval": {
        "recall@1": {
          "mean": 0.15053763440860216,
          "std": 0.3575976160928149,
          "min": 0.0,
          "max": 1.0
        },
        "recall@5": {
          "mean": 0.20430107526881722,
          "std": 0.4031899625645737,
          "min": 0.0,
          "max": 1.0
        },
        "recall@10": {
          "mean": 0.22580645161290322,
          "std": 0.41811230312308767,
          "min": 0.0,
          "max": 1.0
        },
        "recall@20": {
          "mean": 0.23655913978494625,
          "std": 0.42496930850257003,
          "min": 0.0,
          "max": 1.0
        },
        "recall@50": {
          "mean": 0.27956989247311825,
          "std": 0.44878788719804746,
          "min": 0.0,
          "max": 1.0
        },
        "recall@100": {
          "mean": 0.3655913978494624,
          "std": 0.4815956059474988,
          "min": 0.0,
          "max": 1.0
        },
        "mrr": {
          "mean": 0.1815763567645909,
          "std": 0.360514792839822,
          "min": 0.0,
          "max": 1.0
        },
        "coverage": {
          "mean": 0.25834085428252634,
          "std": 0.21202208047684426,
          "min": 0.0,
          "max": 1.0
        },
        "retrieval_success": {
          "mean": 0.3655913978494624,
          "std": 0.4815956059474988,
          "min": 0.0,
          "max": 1.0
        }
      },
      "reranking": {
        "position_improvement": {
          "mean": 4.451612903225806,
          "std": 16.30523112116698,
          "min": "0",
          "max": "92"
        },
        "rerank_success": {
          "mean": 0.2903225806451613,
          "std": 0.45391120256355777,
          "min": 0.0,
          "max": 1.0
        },
        "reranked_mrr": {
          "mean": 0.265531660692951,
          "std": 0.4291627250709523,
          "min": 0.0,
          "max": 1.0
        },
        "ndcg@10": {
          "mean": 0.2744469822214293,
          "std": 0.4305484514343016,
          "min": 0.0,
          "max": 1.0000000000000002
        }
      },
      "selection": {
        "exact_match": {
          "mean": 0.043010752688172046,
          "std": 0.20288131466788398,
          "min": 0.0,
          "max": 1.0
        },
        "partial_match": {
          "mean": 0.08602150537634409,
          "std": 0.28039580237430745,
          "min": 0.0,
          "max": 1.0
        },
        "max_overlap": {
          "mean": 0.19692977984676283,
          "std": 0.22286644621975762,
          "min": 0.0,
          "max": 1.0
        },
        "selection_precision": {
          "mean": 0.1475802129241207,
          "std": 0.17829193765032353,
          "min": 0.0,
          "max": 1.0
        },
        "selection_recall": {
          "mean": 0.21978790319411018,
          "std": 0.23134618781443853,
          "min": 0.0,
          "max": 1.0
        },
        "selection_f1": {
          "mean": 0.15995832587359896,
          "std": 0.18235357624478532,
          "min": 0.0,
          "max": 1.0
        }
      },
      "generation": {
        "bleu1": {
          "mean": 0.11449496271271363,
          "std": 0.10032721463467402,
          "min": 0.0,
          "max": 0.5366925752004387
        },
        "bleu4": {
          "mean": 0.024814945299046737,
          "std": 0.06514505786078618,
          "min": 0.0,
          "max": 0.4744325794453768
        },
        "rouge1": {
          "mean": 0.15820825811171849,
          "std": 0.11697614441864668,
          "min": 0.0,
          "max": 0.5833333283333335
        },
        "rouge2": {
          "mean": 0.032957832318606994,
          "std": 0.08626311086227866,
          "min": 0.0,
          "max": 0.5217391254442345
        },
        "rougeL": {
          "mean": 0.14614761907315077,
          "std": 0.11186813909464383,
          "min": 0.0,
          "max": 0.5833333283333335
        },
        "unigram_f1": {
          "mean": 0.13754555198346013,
          "std": 0.12188740732156038,
          "min": 0.0,
          "max": 0.6086956521739131
        },
        "knowledge_f1": {
          "mean": 0.11457563646669577,
          "std": 0.17062663413291654,
          "min": 0.0,
          "max": 0.9473684210526316
        },
        "faithfulness": {
          "mean": 0.6789493034125013,
          "std": 0.30251806440505896,
          "min": 0.0,
          "max": 1.0
        },
        "hallucination_rate": {
          "mean": 0.20438707967711928,
          "std": 0.23319083279461558,
          "min": 0.0,
          "max": 0.75
        },
        "perplexity": {
          "mean": 65.23844346129997,
          "std": 125.67226607765089,
          "min": 2.92656648951354,
          "max": 1064.3641182494678
        }
      },
      "end_to_end": {
        "pipeline_success": {
          "mean": 0.0742447516641065,
          "std": 0.25240774723632375,
          "min": 0.0,
          "max": 1.0
        },
        "combined_score": {
          "mean": 0.1527893120323472,
          "std": 0.16676417759384898,
          "min": 0.0,
          "max": 0.8312240802675586
        }
      }
    },
    "num_samples": 93
  }
}