{
  "full_pipeline": {
    "aggregated": {
      "retrieval": {
        "recall@1": {
          "mean": 0.19387755102040816,
          "std": 0.3953340944451126,
          "min": 0.0,
          "max": 1.0
        },
        "recall@5": {
          "mean": 0.2857142857142857,
          "std": 0.45175395145262565,
          "min": 0.0,
          "max": 1.0
        },
        "recall@10": {
          "mean": 0.2857142857142857,
          "std": 0.45175395145262565,
          "min": 0.0,
          "max": 1.0
        },
        "recall@20": {
          "mean": 0.32653061224489793,
          "std": 0.4689438895133085,
          "min": 0.0,
          "max": 1.0
        },
        "recall@50": {
          "mean": 0.35714285714285715,
          "std": 0.47915742374995485,
          "min": 0.0,
          "max": 1.0
        },
        "recall@100": {
          "mean": 0.41836734693877553,
          "std": 0.49329110062333964,
          "min": 0.0,
          "max": 1.0
        },
        "mrr": {
          "mean": 0.23124417257704885,
          "std": 0.3916725516356729,
          "min": 0.0,
          "max": 1.0
        },
        "coverage": {
          "mean": 0.2291347604140828,
          "std": 0.18482023858551555,
          "min": 0.0,
          "max": 1.0
        },
        "retrieval_success": {
          "mean": 0.41836734693877553,
          "std": 0.49329110062333964,
          "min": 0.0,
          "max": 1.0
        }
      },
      "reranking": {
        "position_improvement": {
          "mean": 2.663265306122449,
          "std": 10.77122383052008,
          "min": "-15",
          "max": "70"
        },
        "rerank_success": {
          "mean": 0.3469387755102041,
          "std": 0.475996073048596,
          "min": 0.0,
          "max": 1.0
        },
        "reranked_mrr": {
          "mean": 0.3055049400712666,
          "std": 0.4404458286309525,
          "min": 0.0,
          "max": 1.0
        },
        "ndcg@10": {
          "mean": 0.3377657902934135,
          "std": 0.464514006066375,
          "min": 0.0,
          "max": 1.0
        }
      },
      "selection": {
        "exact_match": {
          "mean": 0.05102040816326531,
          "std": 0.22003937400865126,
          "min": 0.0,
          "max": 1.0
        },
        "partial_match": {
          "mean": 0.05102040816326531,
          "std": 0.22003937400865126,
          "min": 0.0,
          "max": 1.0
        },
        "max_overlap": {
          "mean": 0.16280858745816018,
          "std": 0.21687896736510748,
          "min": 0.0,
          "max": 1.0
        },
        "selection_precision": {
          "mean": 0.18042813976786684,
          "std": 0.21860767318505697,
          "min": 0.0,
          "max": 1.0
        },
        "selection_recall": {
          "mean": 0.16280858745816018,
          "std": 0.21687896736510748,
          "min": 0.0,
          "max": 1.0
        },
        "selection_f1": {
          "mean": 0.1624596329566502,
          "std": 0.21328437973032846,
          "min": 0.0,
          "max": 1.0
        }
      },
      "generation": {
        "bleu1": {
          "mean": 0.11033273588716969,
          "std": 0.08317839324344281,
          "min": 0.0,
          "max": 0.4117647058823529
        },
        "bleu4": {
          "mean": 0.01945186026121171,
          "std": 0.031643675226927674,
          "min": 0.0,
          "max": 0.23287896954139942
        },
        "rouge1": {
          "mean": 0.15951875591081474,
          "std": 0.10648544576580728,
          "min": 0.0,
          "max": 0.46666666168888893
        },
        "rouge2": {
          "mean": 0.029128786197423966,
          "std": 0.05578612396820401,
          "min": 0.0,
          "max": 0.275862064019025
        },
        "rougeL": {
          "mean": 0.13873399216105903,
          "std": 0.0895570208357574,
          "min": 0.0,
          "max": 0.33333332835555557
        },
        "unigram_f1": {
          "mean": 0.1409494822530392,
          "std": 0.09775082228481156,
          "min": 0.0,
          "max": 0.42857142857142855
        },
        "knowledge_f1": {
          "mean": 0.11249992508082707,
          "std": 0.13355067595938575,
          "min": 0.0,
          "max": 0.6666666666666666
        },
        "faithfulness": {
          "mean": 0.6969230424151638,
          "std": 0.28306886464604963,
          "min": 0.0,
          "max": 1.0
        },
        "hallucination_rate": {
          "mean": 0.175933805031388,
          "std": 0.20146329639555965,
          "min": 0.0,
          "max": 0.8888888888888888
        },
        "perplexity": {
          "mean": 43.871286457897405,
          "std": 44.43639261282176,
          "min": 3.3145051903665235,
          "max": 264.1959732467456
        }
      },
      "end_to_end": {
        "pipeline_success": {
          "mean": 0.040674603174603176,
          "std": 0.18494202904377338,
          "min": 0.0,
          "max": 1.0
        },
        "combined_score": {
          "mean": 0.16566960593434707,
          "std": 0.15140548662717132,
          "min": 0.0,
          "max": 0.7285714285714285
        }
      }
    },
    "num_samples": 98
  }
}