{
  "full_pipeline": {
    "aggregated": {
      "retrieval": {
        "recall@1": {
          "mean": 0.15053763440860216,
          "std": 0.3575976160928149,
          "min": 0.0,
          "max": 1.0
        },
        "recall@5": {
          "mean": 0.20430107526881722,
          "std": 0.4031899625645737,
          "min": 0.0,
          "max": 1.0
        },
        "recall@10": {
          "mean": 0.22580645161290322,
          "std": 0.41811230312308767,
          "min": 0.0,
          "max": 1.0
        },
        "recall@20": {
          "mean": 0.23655913978494625,
          "std": 0.42496930850257003,
          "min": 0.0,
          "max": 1.0
        },
        "recall@50": {
          "mean": 0.27956989247311825,
          "std": 0.44878788719804746,
          "min": 0.0,
          "max": 1.0
        },
        "recall@100": {
          "mean": 0.3655913978494624,
          "std": 0.4815956059474988,
          "min": 0.0,
          "max": 1.0
        },
        "mrr": {
          "mean": 0.1815763567645909,
          "std": 0.360514792839822,
          "min": 0.0,
          "max": 1.0
        },
        "coverage": {
          "mean": 0.25834085428252634,
          "std": 0.21202208047684426,
          "min": 0.0,
          "max": 1.0
        },
        "retrieval_success": {
          "mean": 0.3655913978494624,
          "std": 0.4815956059474988,
          "min": 0.0,
          "max": 1.0
        }
      },
      "reranking": {
        "position_improvement": {
          "mean": 4.634408602150538,
          "std": 16.349532199572934,
          "min": "0",
          "max": "92"
        },
        "rerank_success": {
          "mean": 0.2903225806451613,
          "std": 0.45391120256355777,
          "min": 0.0,
          "max": 1.0
        },
        "reranked_mrr": {
          "mean": 0.26609759164937435,
          "std": 0.4288467849697568,
          "min": 0.0,
          "max": 1.0
        },
        "ndcg@10": {
          "mean": 0.2744469822214293,
          "std": 0.4305484514343016,
          "min": 0.0,
          "max": 1.0000000000000002
        }
      },
      "selection": {
        "exact_match": {
          "mean": 0.03225806451612903,
          "std": 0.17668469596940847,
          "min": 0.0,
          "max": 1.0
        },
        "partial_match": {
          "mean": 0.07526881720430108,
          "std": 0.26382460529860857,
          "min": 0.0,
          "max": 1.0
        },
        "max_overlap": {
          "mean": 0.15887498575231887,
          "std": 0.2149059361808306,
          "min": 0.0,
          "max": 1.0
        },
        "selection_precision": {
          "mean": 0.18397911300776681,
          "std": 0.22882073298767833,
          "min": 0.0,
          "max": 1.0
        },
        "selection_recall": {
          "mean": 0.15887498575231887,
          "std": 0.2149059361808306,
          "min": 0.0,
          "max": 1.0
        },
        "selection_f1": {
          "mean": 0.16055067075356733,
          "std": 0.2144205584623862,
          "min": 0.0,
          "max": 1.0
        }
      },
      "generation": {
        "bleu1": {
          "mean": 0.13531100074040506,
          "std": 0.09779995575940703,
          "min": 0.0,
          "max": 0.5
        },
        "bleu4": {
          "mean": 0.02574273551139334,
          "std": 0.060419874735102644,
          "min": 0.0,
          "max": 0.4324227075463215
        },
        "rouge1": {
          "mean": 0.17227771177321247,
          "std": 0.12117837863598095,
          "min": 0.0,
          "max": 0.7058823479584776
        },
        "rouge2": {
          "mean": 0.035340834579685176,
          "std": 0.08860723887707206,
          "min": 0.0,
          "max": 0.6249999950781252
        },
        "rougeL": {
          "mean": 0.15549415696251295,
          "std": 0.11449210109662401,
          "min": 0.0,
          "max": 0.7058823479584776
        },
        "unigram_f1": {
          "mean": 0.15741191298408683,
          "std": 0.12461263156553146,
          "min": 0.0,
          "max": 0.6250000000000001
        },
        "knowledge_f1": {
          "mean": 0.12611938511569892,
          "std": 0.17416317294061695,
          "min": 0.0,
          "max": 0.9473684210526316
        },
        "faithfulness": {
          "mean": 0.714140624453088,
          "std": 0.29207794471310133,
          "min": 0.0,
          "max": 1.0
        },
        "hallucination_rate": {
          "mean": 0.18364620712725788,
          "std": 0.22269603315121086,
          "min": 0.0,
          "max": 0.875
        },
        "perplexity": {
          "mean": 61.53172878828674,
          "std": 100.22799046508666,
          "min": 3.968385897106171,
          "max": 744.9890087196377
        }
      },
      "end_to_end": {
        "pipeline_success": {
          "mean": 0.07227047146401985,
          "std": 0.2539126167128986,
          "min": 0.0,
          "max": 1.0
        },
        "combined_score": {
          "mean": 0.16233081390322984,
          "std": 0.17829043187294735,
          "min": 0.0,
          "max": 0.8192820512820513
        }
      }
    },
    "num_samples": 93
  }
}