{
  "full_pipeline": {
    "aggregated": {
      "retrieval": {
        "recall@1": {
          "mean": 0.19387755102040816,
          "std": 0.3953340944451126,
          "min": 0.0,
          "max": 1.0
        },
        "recall@5": {
          "mean": 0.2857142857142857,
          "std": 0.45175395145262565,
          "min": 0.0,
          "max": 1.0
        },
        "recall@10": {
          "mean": 0.2857142857142857,
          "std": 0.45175395145262565,
          "min": 0.0,
          "max": 1.0
        },
        "recall@20": {
          "mean": 0.32653061224489793,
          "std": 0.4689438895133085,
          "min": 0.0,
          "max": 1.0
        },
        "recall@50": {
          "mean": 0.35714285714285715,
          "std": 0.47915742374995485,
          "min": 0.0,
          "max": 1.0
        },
        "recall@100": {
          "mean": 0.41836734693877553,
          "std": 0.49329110062333964,
          "min": 0.0,
          "max": 1.0
        },
        "mrr": {
          "mean": 0.23124417257704885,
          "std": 0.3916725516356729,
          "min": 0.0,
          "max": 1.0
        },
        "coverage": {
          "mean": 0.2291347604140828,
          "std": 0.18482023858551555,
          "min": 0.0,
          "max": 1.0
        },
        "retrieval_success": {
          "mean": 0.41836734693877553,
          "std": 0.49329110062333964,
          "min": 0.0,
          "max": 1.0
        }
      },
      "reranking": {
        "position_improvement": {
          "mean": 2.306122448979592,
          "std": 9.48619637680414,
          "min": "-1",
          "max": "70"
        },
        "rerank_success": {
          "mean": 0.3469387755102041,
          "std": 0.475996073048596,
          "min": 0.0,
          "max": 1.0
        },
        "reranked_mrr": {
          "mean": 0.3035714285714286,
          "std": 0.4416409952749891,
          "min": 0.0,
          "max": 1.0
        },
        "ndcg@10": {
          "mean": 0.3377657902934135,
          "std": 0.464514006066375,
          "min": 0.0,
          "max": 1.0
        }
      },
      "selection": {
        "exact_match": {
          "mean": 0.05102040816326531,
          "std": 0.22003937400865126,
          "min": 0.0,
          "max": 1.0
        },
        "partial_match": {
          "mean": 0.05102040816326531,
          "std": 0.22003937400865126,
          "min": 0.0,
          "max": 1.0
        },
        "max_overlap": {
          "mean": 0.16280858745816018,
          "std": 0.21687896736510748,
          "min": 0.0,
          "max": 1.0
        },
        "selection_precision": {
          "mean": 0.18042813976786684,
          "std": 0.21860767318505697,
          "min": 0.0,
          "max": 1.0
        },
        "selection_recall": {
          "mean": 0.16280858745816018,
          "std": 0.21687896736510748,
          "min": 0.0,
          "max": 1.0
        },
        "selection_f1": {
          "mean": 0.1624596329566502,
          "std": 0.21328437973032846,
          "min": 0.0,
          "max": 1.0
        }
      },
      "generation": {
        "bleu1": {
          "mean": 0.10531814304851986,
          "std": 0.07880773755195737,
          "min": 0.0,
          "max": 0.35294117647058826
        },
        "bleu4": {
          "mean": 0.015498140256183233,
          "std": 0.021021739704444656,
          "min": 0.0,
          "max": 0.1584450133726893
        },
        "rouge1": {
          "mean": 0.15960869934400726,
          "std": 0.1094714800290043,
          "min": 0.0,
          "max": 0.47999999500800006
        },
        "rouge2": {
          "mean": 0.0277357504025836,
          "std": 0.0606868611033059,
          "min": 0.0,
          "max": 0.3333333283680556
        },
        "rougeL": {
          "mean": 0.1367214231055682,
          "std": 0.09577625931179254,
          "min": 0.0,
          "max": 0.47999999500800006
        },
        "unigram_f1": {
          "mean": 0.14110972019595702,
          "std": 0.10155166052380242,
          "min": 0.0,
          "max": 0.43478260869565216
        },
        "knowledge_f1": {
          "mean": 0.11838979438346614,
          "std": 0.15629775654896136,
          "min": 0.0,
          "max": 1.0
        },
        "faithfulness": {
          "mean": 0.748216325146159,
          "std": 0.2676087029450828,
          "min": 0.0,
          "max": 1.0
        },
        "hallucination_rate": {
          "mean": 0.14388977919627596,
          "std": 0.20593808492225493,
          "min": 0.0,
          "max": 1.0
        },
        "perplexity": {
          "mean": 46.21732235735427,
          "std": 52.59798265440909,
          "min": 2.9542239068297684,
          "max": 410.98906505181674
        }
      },
      "end_to_end": {
        "pipeline_success": {
          "mean": 0.04227405247813411,
          "std": 0.19808452130749615,
          "min": 0.0,
          "max": 1.0
        },
        "combined_score": {
          "mean": 0.16748463810801414,
          "std": 0.15583199244945115,
          "min": 0.0,
          "max": 0.8304347826086957
        }
      }
    },
    "num_samples": 98
  }
}