{
  "full_pipeline": {
    "aggregated": {
      "retrieval": {
        "recall@1": {
          "mean": 0.15053763440860216,
          "std": 0.3575976160928149,
          "min": 0.0,
          "max": 1.0
        },
        "recall@5": {
          "mean": 0.20430107526881722,
          "std": 0.4031899625645737,
          "min": 0.0,
          "max": 1.0
        },
        "recall@10": {
          "mean": 0.22580645161290322,
          "std": 0.41811230312308767,
          "min": 0.0,
          "max": 1.0
        },
        "recall@20": {
          "mean": 0.23655913978494625,
          "std": 0.42496930850257003,
          "min": 0.0,
          "max": 1.0
        },
        "recall@50": {
          "mean": 0.27956989247311825,
          "std": 0.44878788719804746,
          "min": 0.0,
          "max": 1.0
        },
        "recall@100": {
          "mean": 0.3655913978494624,
          "std": 0.4815956059474988,
          "min": 0.0,
          "max": 1.0
        },
        "mrr": {
          "mean": 0.1815763567645909,
          "std": 0.360514792839822,
          "min": 0.0,
          "max": 1.0
        },
        "coverage": {
          "mean": 0.25834085428252634,
          "std": 0.21202208047684426,
          "min": 0.0,
          "max": 1.0
        },
        "retrieval_success": {
          "mean": 0.3655913978494624,
          "std": 0.4815956059474988,
          "min": 0.0,
          "max": 1.0
        }
      },
      "reranking": {
        "position_improvement": {
          "mean": 4.451612903225806,
          "std": 16.30523112116698,
          "min": "0",
          "max": "92"
        },
        "rerank_success": {
          "mean": 0.2903225806451613,
          "std": 0.45391120256355777,
          "min": 0.0,
          "max": 1.0
        },
        "reranked_mrr": {
          "mean": 0.265531660692951,
          "std": 0.4291627250709523,
          "min": 0.0,
          "max": 1.0
        },
        "ndcg@10": {
          "mean": 0.2744469822214293,
          "std": 0.4305484514343016,
          "min": 0.0,
          "max": 1.0000000000000002
        }
      },
      "selection": {
        "exact_match": {
          "mean": 0.03225806451612903,
          "std": 0.17668469596940847,
          "min": 0.0,
          "max": 1.0
        },
        "partial_match": {
          "mean": 0.07526881720430108,
          "std": 0.26382460529860857,
          "min": 0.0,
          "max": 1.0
        },
        "max_overlap": {
          "mean": 0.15887498575231887,
          "std": 0.2149059361808306,
          "min": 0.0,
          "max": 1.0
        },
        "selection_precision": {
          "mean": 0.18397911300776681,
          "std": 0.22882073298767833,
          "min": 0.0,
          "max": 1.0
        },
        "selection_recall": {
          "mean": 0.15887498575231887,
          "std": 0.2149059361808306,
          "min": 0.0,
          "max": 1.0
        },
        "selection_f1": {
          "mean": 0.16055067075356733,
          "std": 0.2144205584623862,
          "min": 0.0,
          "max": 1.0
        }
      },
      "generation": {
        "bleu1": {
          "mean": 0.12560003782528797,
          "std": 0.09210820857738017,
          "min": 0.0,
          "max": 0.46153846153846156
        },
        "bleu4": {
          "mean": 0.02337103002355544,
          "std": 0.04641908144217808,
          "min": 0.0,
          "max": 0.3805803001674946
        },
        "rouge1": {
          "mean": 0.16646035565870643,
          "std": 0.10713101185128741,
          "min": 0.0,
          "max": 0.5714285665306124
        },
        "rouge2": {
          "mean": 0.02990172881464382,
          "std": 0.06940749744242573,
          "min": 0.0,
          "max": 0.47619047129251707
        },
        "rougeL": {
          "mean": 0.14852480030607867,
          "std": 0.09749930495399615,
          "min": 0.0,
          "max": 0.5714285665306124
        },
        "unigram_f1": {
          "mean": 0.14768957186072934,
          "std": 0.11419195614798919,
          "min": 0.0,
          "max": 0.5
        },
        "knowledge_f1": {
          "mean": 0.12352529493318397,
          "std": 0.1539489166287017,
          "min": 0.0,
          "max": 0.7499999999999999
        },
        "faithfulness": {
          "mean": 0.7050945546895377,
          "std": 0.29952119646765035,
          "min": 0.0,
          "max": 1.0
        },
        "hallucination_rate": {
          "mean": 0.17035696838626943,
          "std": 0.21193901996418296,
          "min": 0.0,
          "max": 0.8666666666666667
        },
        "perplexity": {
          "mean": 60.17627530887759,
          "std": 92.85744180372735,
          "min": 3.0210019725065953,
          "max": 812.8353940241733
        }
      },
      "end_to_end": {
        "pipeline_success": {
          "mean": 0.06215274843558076,
          "std": 0.2238451843716098,
          "min": 0.0,
          "max": 1.0
        },
        "combined_score": {
          "mean": 0.15863588451146812,
          "std": 0.1688874770136684,
          "min": 0.0,
          "max": 0.7423461966287328
        }
      }
    },
    "num_samples": 93
  }
}