{
  "full_pipeline": {
    "aggregated": {
      "retrieval": {
        "recall@1": {
          "mean": 0.15053763440860216,
          "std": 0.3575976160928149,
          "min": 0.0,
          "max": 1.0
        },
        "recall@5": {
          "mean": 0.20430107526881722,
          "std": 0.4031899625645737,
          "min": 0.0,
          "max": 1.0
        },
        "recall@10": {
          "mean": 0.22580645161290322,
          "std": 0.41811230312308767,
          "min": 0.0,
          "max": 1.0
        },
        "recall@20": {
          "mean": 0.23655913978494625,
          "std": 0.42496930850257003,
          "min": 0.0,
          "max": 1.0
        },
        "recall@50": {
          "mean": 0.27956989247311825,
          "std": 0.44878788719804746,
          "min": 0.0,
          "max": 1.0
        },
        "recall@100": {
          "mean": 0.3655913978494624,
          "std": 0.4815956059474988,
          "min": 0.0,
          "max": 1.0
        },
        "mrr": {
          "mean": 0.1815763567645909,
          "std": 0.360514792839822,
          "min": 0.0,
          "max": 1.0
        },
        "coverage": {
          "mean": 0.25834085428252634,
          "std": 0.21202208047684426,
          "min": 0.0,
          "max": 1.0
        },
        "retrieval_success": {
          "mean": 0.3655913978494624,
          "std": 0.4815956059474988,
          "min": 0.0,
          "max": 1.0
        }
      },
      "reranking": {
        "position_improvement": {
          "mean": 4.634408602150538,
          "std": 16.349532199572934,
          "min": "0",
          "max": "92"
        },
        "rerank_success": {
          "mean": 0.2903225806451613,
          "std": 0.45391120256355777,
          "min": 0.0,
          "max": 1.0
        },
        "reranked_mrr": {
          "mean": 0.26609759164937435,
          "std": 0.4288467849697568,
          "min": 0.0,
          "max": 1.0
        },
        "ndcg@10": {
          "mean": 0.2744469822214293,
          "std": 0.4305484514343016,
          "min": 0.0,
          "max": 1.0000000000000002
        }
      },
      "selection": {
        "exact_match": {
          "mean": 0.03225806451612903,
          "std": 0.17668469596940847,
          "min": 0.0,
          "max": 1.0
        },
        "partial_match": {
          "mean": 0.07526881720430108,
          "std": 0.26382460529860857,
          "min": 0.0,
          "max": 1.0
        },
        "max_overlap": {
          "mean": 0.16987279631817226,
          "std": 0.21225636961017602,
          "min": 0.0,
          "max": 1.0
        },
        "selection_precision": {
          "mean": 0.16134276332539493,
          "std": 0.18954697999889916,
          "min": 0.0,
          "max": 1.0
        },
        "selection_recall": {
          "mean": 0.18200873102367957,
          "std": 0.2146497055264994,
          "min": 0.0,
          "max": 1.0
        },
        "selection_f1": {
          "mean": 0.15799836626500333,
          "std": 0.1895357059625188,
          "min": 0.0,
          "max": 1.0
        }
      },
      "generation": {
        "bleu1": {
          "mean": 0.11634497575914479,
          "std": 0.0989684382432528,
          "min": 0.0,
          "max": 0.5
        },
        "bleu4": {
          "mean": 0.023172901421688992,
          "std": 0.05864062006220229,
          "min": 0.0,
          "max": 0.4324227075463215
        },
        "rouge1": {
          "mean": 0.1553775565322759,
          "std": 0.11415248684447629,
          "min": 0.0,
          "max": 0.5714285665306124
        },
        "rouge2": {
          "mean": 0.032135996764009196,
          "std": 0.07955975065753167,
          "min": 0.0,
          "max": 0.47999999500800006
        },
        "rougeL": {
          "mean": 0.13850832037876806,
          "std": 0.10677377236393137,
          "min": 0.0,
          "max": 0.5714285665306124
        },
        "unigram_f1": {
          "mean": 0.14321820697480286,
          "std": 0.11292622293207936,
          "min": 0.0,
          "max": 0.5599999999999999
        },
        "knowledge_f1": {
          "mean": 0.11293316076022393,
          "std": 0.1755367928016578,
          "min": 0.0,
          "max": 1.0
        },
        "faithfulness": {
          "mean": 0.6492267084339057,
          "std": 0.2920923239925136,
          "min": 0.0,
          "max": 1.0
        },
        "hallucination_rate": {
          "mean": 0.22214865822800506,
          "std": 0.23806555968067464,
          "min": 0.0,
          "max": 1.0
        },
        "perplexity": {
          "mean": 57.470638539437246,
          "std": 87.25804399992582,
          "min": 2.917088314167149,
          "max": 673.3814337410682
        }
      },
      "end_to_end": {
        "pipeline_success": {
          "mean": 0.07098278066020001,
          "std": 0.24951163729922884,
          "min": 0.0,
          "max": 1.0
        },
        "combined_score": {
          "mean": 0.15360637389608936,
          "std": 0.17116433705919498,
          "min": 0.0,
          "max": 0.8192820512820513
        }
      }
    },
    "num_samples": 93
  }
}