{
  "full_pipeline": {
    "aggregated": {
      "retrieval": {
        "recall@1": {
          "mean": 0.19387755102040816,
          "std": 0.3953340944451126,
          "min": 0.0,
          "max": 1.0
        },
        "recall@5": {
          "mean": 0.2857142857142857,
          "std": 0.45175395145262565,
          "min": 0.0,
          "max": 1.0
        },
        "recall@10": {
          "mean": 0.2857142857142857,
          "std": 0.45175395145262565,
          "min": 0.0,
          "max": 1.0
        },
        "recall@20": {
          "mean": 0.32653061224489793,
          "std": 0.4689438895133085,
          "min": 0.0,
          "max": 1.0
        },
        "recall@50": {
          "mean": 0.35714285714285715,
          "std": 0.47915742374995485,
          "min": 0.0,
          "max": 1.0
        },
        "recall@100": {
          "mean": 0.41836734693877553,
          "std": 0.49329110062333964,
          "min": 0.0,
          "max": 1.0
        },
        "mrr": {
          "mean": 0.23124417257704885,
          "std": 0.3916725516356729,
          "min": 0.0,
          "max": 1.0
        },
        "coverage": {
          "mean": 0.2291347604140828,
          "std": 0.18482023858551555,
          "min": 0.0,
          "max": 1.0
        },
        "retrieval_success": {
          "mean": 0.41836734693877553,
          "std": 0.49329110062333964,
          "min": 0.0,
          "max": 1.0
        }
      },
      "reranking": {
        "position_improvement": {
          "mean": 2.663265306122449,
          "std": 10.77122383052008,
          "min": "-15",
          "max": "70"
        },
        "rerank_success": {
          "mean": 0.3469387755102041,
          "std": 0.475996073048596,
          "min": 0.0,
          "max": 1.0
        },
        "reranked_mrr": {
          "mean": 0.3055049400712666,
          "std": 0.4404458286309525,
          "min": 0.0,
          "max": 1.0
        },
        "ndcg@10": {
          "mean": 0.3377657902934135,
          "std": 0.464514006066375,
          "min": 0.0,
          "max": 1.0
        }
      },
      "selection": {
        "exact_match": {
          "mean": 0.05102040816326531,
          "std": 0.22003937400865126,
          "min": 0.0,
          "max": 1.0
        },
        "partial_match": {
          "mean": 0.061224489795918366,
          "std": 0.23974163519328023,
          "min": 0.0,
          "max": 1.0
        },
        "max_overlap": {
          "mean": 0.1812791924376479,
          "std": 0.2216664675388301,
          "min": 0.0,
          "max": 1.0
        },
        "selection_precision": {
          "mean": 0.17969855095378978,
          "std": 0.2151226399206988,
          "min": 0.0,
          "max": 1.0
        },
        "selection_recall": {
          "mean": 0.18526567591992965,
          "std": 0.22198275470715897,
          "min": 0.0,
          "max": 1.0
        },
        "selection_f1": {
          "mean": 0.16944122743916534,
          "std": 0.21010855373156692,
          "min": 0.0,
          "max": 1.0
        }
      },
      "generation": {
        "bleu1": {
          "mean": 0.1092491955929582,
          "std": 0.09546351432727233,
          "min": 0.0,
          "max": 0.4444444444444444
        },
        "bleu4": {
          "mean": 0.016143632947421674,
          "std": 0.02615249122929116,
          "min": 0.0,
          "max": 0.23287896954139942
        },
        "rouge1": {
          "mean": 0.1602117948921514,
          "std": 0.12001301955179651,
          "min": 0.0,
          "max": 0.6206896504637337
        },
        "rouge2": {
          "mean": 0.0276574767306754,
          "std": 0.060334379560047176,
          "min": 0.0,
          "max": 0.3809523759637189
        },
        "rougeL": {
          "mean": 0.1384520344183963,
          "std": 0.10845521122636374,
          "min": 0.0,
          "max": 0.6206896504637337
        },
        "unigram_f1": {
          "mean": 0.14745837420652783,
          "std": 0.11201857246178559,
          "min": 0.0,
          "max": 0.5714285714285714
        },
        "knowledge_f1": {
          "mean": 0.12255338219833513,
          "std": 0.1599284330894452,
          "min": 0.0,
          "max": 0.9473684210526316
        },
        "faithfulness": {
          "mean": 0.6834032662775889,
          "std": 0.3026459736312787,
          "min": 0.0,
          "max": 1.0
        },
        "hallucination_rate": {
          "mean": 0.15220893132569246,
          "std": 0.1981248638352556,
          "min": 0.0,
          "max": 0.8333333333333334
        },
        "perplexity": {
          "mean": 42.76585896212185,
          "std": 43.74023807044302,
          "min": 3.1285620861072365,
          "max": 264.42938839885244
        }
      },
      "end_to_end": {
        "pipeline_success": {
          "mean": 0.05297334244702666,
          "std": 0.2136787285965755,
          "min": 0.0,
          "max": 1.0
        },
        "combined_score": {
          "mean": 0.1720346295521491,
          "std": 0.15998258341846253,
          "min": 0.011428571428571427,
          "max": 0.8556390977443609
        }
      }
    },
    "num_samples": 98
  }
}