{
  "full_pipeline": {
    "aggregated": {
      "retrieval": {
        "recall@1": {
          "mean": 0.19387755102040816,
          "std": 0.3953340944451126,
          "min": 0.0,
          "max": 1.0
        },
        "recall@5": {
          "mean": 0.2857142857142857,
          "std": 0.45175395145262565,
          "min": 0.0,
          "max": 1.0
        },
        "recall@10": {
          "mean": 0.2857142857142857,
          "std": 0.45175395145262565,
          "min": 0.0,
          "max": 1.0
        },
        "recall@20": {
          "mean": 0.32653061224489793,
          "std": 0.4689438895133085,
          "min": 0.0,
          "max": 1.0
        },
        "recall@50": {
          "mean": 0.35714285714285715,
          "std": 0.47915742374995485,
          "min": 0.0,
          "max": 1.0
        },
        "recall@100": {
          "mean": 0.41836734693877553,
          "std": 0.49329110062333964,
          "min": 0.0,
          "max": 1.0
        },
        "mrr": {
          "mean": 0.23124417257704885,
          "std": 0.3916725516356729,
          "min": 0.0,
          "max": 1.0
        },
        "coverage": {
          "mean": 0.2291347604140828,
          "std": 0.18482023858551555,
          "min": 0.0,
          "max": 1.0
        },
        "retrieval_success": {
          "mean": 0.41836734693877553,
          "std": 0.49329110062333964,
          "min": 0.0,
          "max": 1.0
        }
      },
      "reranking": {
        "position_improvement": {
          "mean": 2.306122448979592,
          "std": 9.48619637680414,
          "min": "-1",
          "max": "70"
        },
        "rerank_success": {
          "mean": 0.3469387755102041,
          "std": 0.475996073048596,
          "min": 0.0,
          "max": 1.0
        },
        "reranked_mrr": {
          "mean": 0.3035714285714286,
          "std": 0.4416409952749891,
          "min": 0.0,
          "max": 1.0
        },
        "ndcg@10": {
          "mean": 0.3377657902934135,
          "std": 0.464514006066375,
          "min": 0.0,
          "max": 1.0
        }
      },
      "selection": {
        "exact_match": {
          "mean": 0.05102040816326531,
          "std": 0.22003937400865126,
          "min": 0.0,
          "max": 1.0
        },
        "partial_match": {
          "mean": 0.061224489795918366,
          "std": 0.23974163519328023,
          "min": 0.0,
          "max": 1.0
        },
        "max_overlap": {
          "mean": 0.1812791924376479,
          "std": 0.2216664675388301,
          "min": 0.0,
          "max": 1.0
        },
        "selection_precision": {
          "mean": 0.17969855095378978,
          "std": 0.2151226399206988,
          "min": 0.0,
          "max": 1.0
        },
        "selection_recall": {
          "mean": 0.18526567591992965,
          "std": 0.22198275470715897,
          "min": 0.0,
          "max": 1.0
        },
        "selection_f1": {
          "mean": 0.16944122743916534,
          "std": 0.21010855373156692,
          "min": 0.0,
          "max": 1.0
        }
      },
      "generation": {
        "bleu1": {
          "mean": 0.10579924136797175,
          "std": 0.09054854926772438,
          "min": 0.0,
          "max": 0.41504578012830107
        },
        "bleu4": {
          "mean": 0.020006591495519012,
          "std": 0.035986402293987474,
          "min": 0.0,
          "max": 0.2517202060319049
        },
        "rouge1": {
          "mean": 0.16134425181840698,
          "std": 0.11190910359180255,
          "min": 0.0,
          "max": 0.5238095193650794
        },
        "rouge2": {
          "mean": 0.03362119766269602,
          "std": 0.06896480204987954,
          "min": 0.0,
          "max": 0.409090904927686
        },
        "rougeL": {
          "mean": 0.14661695841961297,
          "std": 0.1028110111495302,
          "min": 0.0,
          "max": 0.5238095193650794
        },
        "unigram_f1": {
          "mean": 0.15441750722733413,
          "std": 0.11134103565478244,
          "min": 0.0,
          "max": 0.5365853658536585
        },
        "knowledge_f1": {
          "mean": 0.12530906735897548,
          "std": 0.162542170447543,
          "min": 0.0,
          "max": 0.9310344827586207
        },
        "faithfulness": {
          "mean": 0.657049634845964,
          "std": 0.2987509085799977,
          "min": 0.0,
          "max": 1.0
        },
        "hallucination_rate": {
          "mean": 0.1852527469704604,
          "std": 0.21410955911112742,
          "min": 0.0,
          "max": 0.875
        },
        "perplexity": {
          "mean": 41.02817167194321,
          "std": 41.1562235227617,
          "min": 3.5284696774495052,
          "max": 303.3852622580406
        }
      },
      "end_to_end": {
        "pipeline_success": {
          "mean": 0.057997557997558,
          "std": 0.22849366783055552,
          "min": 0.0,
          "max": 1.0
        },
        "combined_score": {
          "mean": 0.1749490750065831,
          "std": 0.16125385042431917,
          "min": 0.00851063829787234,
          "max": 0.8402859545836838
        }
      }
    },
    "num_samples": 98
  }
}