{
  "full_pipeline": {
    "aggregated": {
      "retrieval": {
        "recall@1": {
          "mean": 0.15053763440860216,
          "std": 0.3575976160928149,
          "min": 0.0,
          "max": 1.0
        },
        "recall@5": {
          "mean": 0.20430107526881722,
          "std": 0.4031899625645737,
          "min": 0.0,
          "max": 1.0
        },
        "recall@10": {
          "mean": 0.22580645161290322,
          "std": 0.41811230312308767,
          "min": 0.0,
          "max": 1.0
        },
        "recall@20": {
          "mean": 0.23655913978494625,
          "std": 0.42496930850257003,
          "min": 0.0,
          "max": 1.0
        },
        "recall@50": {
          "mean": 0.27956989247311825,
          "std": 0.44878788719804746,
          "min": 0.0,
          "max": 1.0
        },
        "recall@100": {
          "mean": 0.3655913978494624,
          "std": 0.4815956059474988,
          "min": 0.0,
          "max": 1.0
        },
        "mrr": {
          "mean": 0.1815763567645909,
          "std": 0.360514792839822,
          "min": 0.0,
          "max": 1.0
        },
        "coverage": {
          "mean": 0.25834085428252634,
          "std": 0.21202208047684426,
          "min": 0.0,
          "max": 1.0
        },
        "retrieval_success": {
          "mean": 0.3655913978494624,
          "std": 0.4815956059474988,
          "min": 0.0,
          "max": 1.0
        }
      },
      "reranking": {
        "position_improvement": {
          "mean": 4.451612903225806,
          "std": 16.30523112116698,
          "min": "0",
          "max": "92"
        },
        "rerank_success": {
          "mean": 0.2903225806451613,
          "std": 0.45391120256355777,
          "min": 0.0,
          "max": 1.0
        },
        "reranked_mrr": {
          "mean": 0.265531660692951,
          "std": 0.4291627250709523,
          "min": 0.0,
          "max": 1.0
        },
        "ndcg@10": {
          "mean": 0.2744469822214293,
          "std": 0.4305484514343016,
          "min": 0.0,
          "max": 1.0000000000000002
        }
      },
      "selection": {
        "exact_match": {
          "mean": 0.03225806451612903,
          "std": 0.17668469596940847,
          "min": 0.0,
          "max": 1.0
        },
        "partial_match": {
          "mean": 0.07526881720430108,
          "std": 0.26382460529860857,
          "min": 0.0,
          "max": 1.0
        },
        "max_overlap": {
          "mean": 0.16987279631817226,
          "std": 0.21225636961017602,
          "min": 0.0,
          "max": 1.0
        },
        "selection_precision": {
          "mean": 0.16134276332539493,
          "std": 0.18954697999889916,
          "min": 0.0,
          "max": 1.0
        },
        "selection_recall": {
          "mean": 0.18200873102367957,
          "std": 0.2146497055264994,
          "min": 0.0,
          "max": 1.0
        },
        "selection_f1": {
          "mean": 0.15799836626500333,
          "std": 0.1895357059625188,
          "min": 0.0,
          "max": 1.0
        }
      },
      "generation": {
        "bleu1": {
          "mean": 0.120266021963301,
          "std": 0.08839972987124736,
          "min": 0.0,
          "max": 0.375
        },
        "bleu4": {
          "mean": 0.02030743587372302,
          "std": 0.03207257459365605,
          "min": 0.0,
          "max": 0.24941747177008258
        },
        "rouge1": {
          "mean": 0.16717710386465473,
          "std": 0.10516411281423532,
          "min": 0.0,
          "max": 0.46153845701183444
        },
        "rouge2": {
          "mean": 0.03277144255810803,
          "std": 0.061543863629624954,
          "min": 0.0,
          "max": 0.370370365925926
        },
        "rougeL": {
          "mean": 0.1514319329782777,
          "std": 0.09900601395342369,
          "min": 0.0,
          "max": 0.46153845701183444
        },
        "unigram_f1": {
          "mean": 0.1537771278935386,
          "std": 0.11260413788012087,
          "min": 0.0,
          "max": 0.42857142857142855
        },
        "knowledge_f1": {
          "mean": 0.10938490667184973,
          "std": 0.16289777996842777,
          "min": 0.0,
          "max": 1.0
        },
        "faithfulness": {
          "mean": 0.6537020255386922,
          "std": 0.29745220835195635,
          "min": 0.0,
          "max": 1.0
        },
        "hallucination_rate": {
          "mean": 0.19201559401229176,
          "std": 0.21761842013968594,
          "min": 0.0,
          "max": 0.7777777777777778
        },
        "perplexity": {
          "mean": 57.4836978531315,
          "std": 94.24882692619083,
          "min": 3.212087060064035,
          "max": 721.1094988451898
        }
      },
      "end_to_end": {
        "pipeline_success": {
          "mean": 0.06614532420984033,
          "std": 0.2366198341055546,
          "min": 0.0,
          "max": 1.0
        },
        "combined_score": {
          "mean": 0.15570957394519783,
          "std": 0.16636890567298404,
          "min": 0.0,
          "max": 0.8090909090909091
        }
      }
    },
    "num_samples": 93
  }
}